{"accuracy": [0.21714642643928528, 0.33260324597358704, 0.37359198927879333, 0.43210262060165405, 0.47058823704719543, 0.5068836212158203, 0.5247184038162231, 0.5484980940818787, 0.5775970220565796, 0.5932415723800659, 0.5838547945022583, 0.6013767123222351, 0.6260951161384583, 0.6192114949226379, 0.6364205479621887, 0.6329787373542786, 0.6589486598968506, 0.6539424061775208, 0.6633291840553284, 0.6745932698249817, 0.6805381774902344, 0.6883604526519775, 0.6755319237709045, 0.6961827278137207, 0.6955569386482239], "loss": [2.7270255088806152, 2.115386962890625, 1.9082409143447876, 1.7652826309204102, 1.6908711194992065, 1.6185065507888794, 1.585340142250061, 1.5500764846801758, 1.4979368448257446, 1.4496041536331177, 1.4634733200073242, 1.430368185043335, 1.4019359350204468, 1.4184163808822632, 1.386667013168335, 1.402375340461731, 1.3332074880599976, 1.3606066703796387, 1.3599555492401123, 1.3305613994598389, 1.3057470321655273, 1.3021305799484253, 1.3233166933059692, 1.2944144010543823, 1.2976398468017578], "val_accuracy": [0.25874999165534973, 0.3799999952316284, 0.2487500011920929, 0.4124999940395355, 0.4449999928474426, 0.5, 0.4399999976158142, 0.5112500190734863, 0.5024999976158142, 0.5612499713897705, 0.5537499785423279, 0.5587499737739563, 0.4637500047683716, 0.5787500143051147, 0.5525000095367432, 0.5912500023841858, 0.6000000238418579, 0.6700000166893005, 0.6262500286102295, 0.6187499761581421, 0.5625, 0.6137499809265137, 0.6337500214576721, 0.6337500214576721, 0.6200000047683716], "val_loss": [2.34013295173645, 2.0666394233703613, 2.518892765045166, 2.1555614471435547, 1.8756217956542969, 1.7552783489227295, 1.7876198291778564, 1.7140480279922485, 1.794050693511963, 1.6564228534698486, 1.617890477180481, 1.8243017196655273, 2.470907688140869, 1.6544749736785889, 1.652272343635559, 1.5386958122253418, 1.552441120147705, 1.3855628967285156, 1.4773430824279785, 1.779039740562439, 1.8837971687316895, 1.7533031702041626, 1.6142829656600952, 1.6529122591018677, 1.7901211977005005]}