{"loss": [2.8170104026794434, 2.4057254791259766, 2.0784518718719482, 1.5452314615249634, 0.7863309383392334], "accuracy": [0.11264079809188843, 0.16020025312900543, 0.27659574151039124, 0.4931164085865021, 0.749687135219574], "val_loss": [2.5845117568969727, 2.586846113204956, 1.9212559461593628, 2.170597553253174, 2.9987945556640625], "val_accuracy": [0.10999999940395355, 0.11999999731779099, 0.29499998688697815, 0.3400000035762787, 0.3050000071525574]}