{"loss": [32.478790283203125, 35.942466735839844, 28.781875610351562, 23.93436622619629, 20.411481857299805, 18.30135726928711, 18.1741886138916, 18.791353225708008, 16.568668365478516, 16.242918014526367, 13.655466079711914, 13.449923515319824, 14.25061321258545, 14.113723754882812, 14.235804557800293, 11.73631477355957, 12.311005592346191, 9.935495376586914, 10.860214233398438, 10.436051368713379, 9.695096969604492, 9.751279830932617, 8.669832229614258, 9.355289459228516, 9.24048900604248, 9.609604835510254, 8.791160583496094, 8.523715019226074, 8.238859176635742, 7.615021705627441, 7.403802394866943, 7.598625659942627, 7.371493339538574, 8.086211204528809, 7.043429374694824], "accuracy": [0.18022528290748596, 0.20775969326496124, 0.2603254020214081, 0.29411765933036804, 0.30913642048835754, 0.3429286479949951, 0.35043805837631226, 0.3254067599773407, 0.3617021143436432, 0.39549437165260315, 0.39924904704093933, 0.39299124479293823, 0.40675845742225647, 0.41301625967025757, 0.37797245383262634, 0.44055068492889404, 0.4718397855758667, 0.4981226623058319, 0.4918648302555084, 0.538172721862793, 0.5206508040428162, 0.5331664681434631, 0.5369211435317993, 0.5331664681434631, 0.5181477069854736, 0.546933650970459, 0.5932415723800659, 0.5794743299484253, 0.5669587254524231, 0.6132665872573853, 0.6470588445663452, 0.6445556879043579, 0.6370463371276855, 0.6157696843147278, 0.6858572959899902], "val_loss": [266.2581481933594, 168.50759887695312, 228.02798461914062, 148.1868133544922, 73.61854553222656, 39.07661437988281, 81.69140625, 64.79015350341797, 77.87287139892578, 70.80443572998047, 27.325342178344727, 62.28947448730469, 27.547496795654297, 25.463491439819336, 68.5555648803711, 15.327134132385254, 21.283437728881836, 26.345294952392578, 26.203968048095703, 21.867647171020508, 25.126230239868164, 27.541902542114258, 36.458492279052734, 18.494159698486328, 14.41917610168457, 15.5879487991333, 17.73072052001953, 19.89291763305664, 23.636308670043945, 30.364826202392578, 23.017627716064453, 25.665241241455078, 16.1053524017334, 27.140453338623047, 63.82258224487305], "val_accuracy": [0.11999999731779099, 0.125, 0.014999999664723873, 0.10999999940395355, 0.07999999821186066, 0.15000000596046448, 0.20499999821186066, 0.1550000011920929, 0.07500000298023224, 0.08500000089406967, 0.22499999403953552, 0.14000000059604645, 0.14000000059604645, 0.18000000715255737, 0.1850000023841858, 0.2199999988079071, 0.20999999344348907, 0.12999999523162842, 0.2549999952316284, 0.23999999463558197, 0.1899999976158142, 0.2750000059604645, 0.23499999940395355, 0.14499999582767487, 0.4000000059604645, 0.3400000035762787, 0.25999999046325684, 0.25, 0.3499999940395355, 0.20499999821186066, 0.22499999403953552, 0.2750000059604645, 0.28999999165534973, 0.20999999344348907, 0.17499999701976776]}