{"loss": [2.4458634853363037, 1.9133648872375488, 1.7110159397125244, 1.6151137351989746, 1.4982634782791138, 1.4426395893096924, 1.3840932846069336, 1.3469990491867065, 1.3122299909591675, 1.2885299921035767, 1.2387107610702515, 1.2284519672393799, 1.1984504461288452, 1.22130286693573, 1.1824636459350586, 1.161787748336792, 1.1631512641906738, 1.1785197257995605, 1.150182843208313, 1.139420986175537], "accuracy": [0.2385481894016266, 0.39399248361587524, 0.45506882667541504, 0.48085105419158936, 0.5234042406082153, 0.5424280166625977, 0.5714643597602844, 0.5819774866104126, 0.6052565574645996, 0.6157696843147278, 0.6360450387001038, 0.6413016319274902, 0.6500625610351562, 0.6395494341850281, 0.6523153781890869, 0.6680850982666016, 0.6570713520050049, 0.6638298034667969, 0.6725907325744629, 0.6680850982666016], "val_loss": [2.0476086139678955, 1.8047499656677246, 1.8162740468978882, 1.7371482849121094, 1.9094605445861816, 1.6898777484893799, 1.8538562059402466, 1.8166559934616089, 1.9007717370986938, 1.7090672254562378, 1.6138718128204346, 1.8546651601791382, 1.7778973579406738, 1.9257173538208008, 1.6382941007614136, 2.0328309535980225, 1.699426293373108, 1.8048434257507324, 1.9124619960784912, 1.9287396669387817], "val_accuracy": [0.35199999809265137, 0.41999998688697815, 0.3959999978542328, 0.4449999928474426, 0.4449999928474426, 0.45500001311302185, 0.4309999942779541, 0.45100000500679016, 0.460999995470047, 0.5120000243186951, 0.5249999761581421, 0.45899999141693115, 0.42399999499320984, 0.5009999871253967, 0.5210000276565552, 0.4659999907016754, 0.5, 0.48500001430511475, 0.5189999938011169, 0.5099999904632568]}