{"accuracy": [0.24856069684028625, 0.4480600655078888, 0.5156445503234863, 0.5501877069473267, 0.5842303037643433, 0.6070087552070618, 0.6165206432342529, 0.6395494341850281, 0.6435544490814209, 0.6648310422897339, 0.6605757474899292, 0.674342930316925, 0.6693366765975952, 0.6926157474517822, 0.696620762348175, 0.6986232995986938, 0.7244055271148682, 0.717897355556488, 0.7196495532989502, 0.7379224300384521, 0.7401752471923828, 0.7519399523735046, 0.7474343180656433, 0.7444305419921875, 0.75844806432724], "loss": [11.111679077148438, 3.792633056640625, 2.325122356414795, 1.8214443922042847, 1.5680640935897827, 1.442883849143982, 1.405800461769104, 1.3346529006958008, 1.302783489227295, 1.244888424873352, 1.2660560607910156, 1.2452975511550903, 1.2247155904769897, 1.1885709762573242, 1.2311919927597046, 1.2058887481689453, 1.1666206121444702, 1.148918628692627, 1.218177318572998, 1.120701789855957, 1.0878413915634155, 1.0978624820709229, 1.10836660861969, 1.1286616325378418, 1.138098120689392], "val_accuracy": [0.10000000149011612, 0.22699999809265137, 0.4180000126361847, 0.5019999742507935, 0.39100000262260437, 0.45899999141693115, 0.6159999966621399, 0.5709999799728394, 0.628000020980835, 0.6069999933242798, 0.5320000052452087, 0.6520000100135803, 0.5120000243186951, 0.6380000114440918, 0.5609999895095825, 0.6570000052452087, 0.6399999856948853, 0.5860000252723694, 0.6190000176429749, 0.5770000219345093, 0.6850000023841858, 0.6570000052452087, 0.5870000123977661, 0.6650000214576721, 0.6669999957084656], "val_loss": [8.182269096374512, 4.067680835723877, 2.3133480548858643, 1.8693994283676147, 1.9695417881011963, 2.210574150085449, 1.3972011804580688, 1.7517062425613403, 1.349536657333374, 1.509007215499878, 1.689995527267456, 1.3429205417633057, 1.8599176406860352, 1.3782416582107544, 1.795698881149292, 1.4949804544448853, 1.5488613843917847, 1.7822914123535156, 1.536008596420288, 1.8177924156188965, 1.3579460382461548, 1.42548406124115, 1.8347281217575073, 1.5105259418487549, 1.5661808252334595]}