{"accuracy": [0.20976220071315765, 0.33441802859306335, 0.4185231626033783, 0.46683353185653687, 0.5191489458084106, 0.545932412147522, 0.5559449195861816, 0.5959950089454651, 0.5992490649223328, 0.6490613222122192, 0.6745932698249817, 0.7026283144950867, 0.7088860869407654, 0.7386733293533325, 0.7486858367919922, 0.7654567956924438, 0.7789736986160278, 0.7897371649742126, 0.8105131387710571, 0.8305381536483765, 0.8317897319793701, 0.8515644669532776, 0.8485606908798218, 0.8615769743919373, 0.8675844669342041], "loss": [7.811967372894287, 3.466249704360962, 2.5131866931915283, 2.144913911819458, 1.9132927656173706, 1.833767056465149, 1.8376836776733398, 1.6778947114944458, 1.9196242094039917, 1.5525107383728027, 1.3880009651184082, 1.2616829872131348, 1.310770034790039, 1.163152813911438, 1.0731463432312012, 1.0233731269836426, 1.0494803190231323, 1.2152299880981445, 1.01687753200531, 0.8654993176460266, 0.8172699809074402, 0.7764588594436646, 0.7720961570739746, 0.7256878018379211, 0.7117045521736145], "val_accuracy": [0.34700000286102295, 0.3319999873638153, 0.22499999403953552, 0.5690000057220459, 0.24500000476837158, 0.43700000643730164, 0.2290000021457672, 0.5130000114440918, 0.16300000250339508, 0.597000002861023, 0.5789999961853027, 0.656000018119812, 0.6489999890327454, 0.5720000267028809, 0.6710000038146973, 0.6729999780654907, 0.10000000149011612, 0.6420000195503235, 0.656000018119812, 0.5889999866485596, 0.45899999141693115, 0.32100000977516174, 0.7020000219345093, 0.6169999837875366, 0.6340000033378601], "val_loss": [4.218934535980225, 2.906726121902466, 4.786479949951172, 1.7341312170028687, 7.147706031799316, 2.7058753967285156, 3.4271419048309326, 1.869981288909912, 25.134204864501953, 1.5769809484481812, 1.787362813949585, 1.3536995649337769, 1.711376428604126, 1.7361012697219849, 1.4007993936538696, 1.4157947301864624, 1243175.75, 1.5540143251419067, 1.590518832206726, 1.9658689498901367, 3.7700533866882324, 6.466726779937744, 1.4267537593841553, 1.7555911540985107, 1.8313096761703491]}