{"accuracy": [0.25206509232521057, 0.41827285289764404, 0.489862322807312, 0.5429286360740662, 0.5729662179946899, 0.5939924716949463, 0.6290363073348999, 0.6428034901618958, 0.6575719714164734, 0.6618272662162781, 0.6823529601097107, 0.7021276354789734, 0.7076345682144165, 0.7086358070373535, 0.7229036092758179, 0.7206507921218872, 0.7316645979881287, 0.7394242882728577, 0.7546933889389038, 0.7504380345344543, 0.7654567956924438, 0.7647058963775635, 0.766207754611969, 0.7602002620697021, 0.7782227993011475], "loss": [3.1579482555389404, 2.0160796642303467, 1.7348377704620361, 1.5952882766723633, 1.529226541519165, 1.5679665803909302, 1.4265084266662598, 1.4338608980178833, 1.4360636472702026, 1.4827098846435547, 1.4488472938537598, 1.4385533332824707, 1.4528889656066895, 1.4942024946212769, 1.4715496301651, 1.4803009033203125, 1.4823256731033325, 1.4714325666427612, 1.4832518100738525, 1.4661235809326172, 1.4585477113723755, 1.438305377960205, 1.479745626449585, 1.48399019241333, 1.4411665201187134], "val_accuracy": [0.2879999876022339, 0.20800000429153442, 0.4959999918937683, 0.5609999895095825, 0.45100000500679016, 0.4480000138282776, 0.5400000214576721, 0.296999990940094, 0.5950000286102295, 0.5699999928474426, 0.5680000185966492, 0.5389999747276306, 0.6299999952316284, 0.4449999928474426, 0.5929999947547913, 0.4869999885559082, 0.5460000038146973, 0.5870000123977661, 0.6489999890327454, 0.6830000281333923, 0.671999990940094, 0.703000009059906, 0.5929999947547913, 0.6629999876022339, 0.5820000171661377], "val_loss": [2.5262107849121094, 2.5897340774536133, 1.589625597000122, 1.6399600505828857, 1.7747665643692017, 1.9609334468841553, 1.6926844120025635, 2.570589303970337, 1.5928969383239746, 1.6955806016921997, 1.7506756782531738, 1.9582384824752808, 1.7620760202407837, 2.4593703746795654, 1.8534666299819946, 2.2894983291625977, 2.2774648666381836, 2.116840362548828, 1.7786247730255127, 1.7936042547225952, 1.8920187950134277, 1.7638026475906372, 2.1325523853302, 1.986179232597351, 2.09063720703125]}